basal,motor
378.11169165000024,587.7830621810897
519.1659373186595,859.2564435717853
652.8207945972978,395.2590061030515
563.411250725363,2964.998334767383
793.6045839419702,641.0699030015
